{
  "project_info": {
    "project_number": "873839912323",
    "project_id": "speedtracks-e9175",
    "storage_bucket": "speedtracks-e9175.appspot.com"
  },
  "client": [
    {
      "client_info": {
        "mobilesdk_app_id": "1:873839912323:android:015c025b479e76dab602b6",
        "android_client_info": {
          "package_name": "com.example.speedtracks"
        }
      },
      "oauth_client": [
        {
          "client_id": "873839912323-fn1enn6r95ci0hc1km062mk4gqsa2r0d.apps.googleusercontent.com",
          "client_type": 3
        }
      ],
      "api_key": [
        {
          "current_key": "AIzaSyDGnjYm3lFuY__deOgqDXvtvqtThKgqOcg"
        }
      ],
      "services": {
        "appinvite_service": {
          "other_platform_oauth_client": [
            {
              "client_id": "873839912323-fn1enn6r95ci0hc1km062mk4gqsa2r0d.apps.googleusercontent.com",
              "client_type": 3
            }
          ]
        }
      }
    }
  ],
  "configuration_version": "1"
}